-- phpMyAdmin SQL Dump
-- version 5.1.1
-- https://www.phpmyadmin.net/
--
-- Host: 127.0.0.1
-- Waktu pembuatan: 20 Nov 2023 pada 03.11
-- Versi server: 10.4.22-MariaDB
-- Versi PHP: 8.0.15

SET SQL_MODE = "NO_AUTO_VALUE_ON_ZERO";
START TRANSACTION;
SET time_zone = "+00:00";


/*!40101 SET @OLD_CHARACTER_SET_CLIENT=@@CHARACTER_SET_CLIENT */;
/*!40101 SET @OLD_CHARACTER_SET_RESULTS=@@CHARACTER_SET_RESULTS */;
/*!40101 SET @OLD_COLLATION_CONNECTION=@@COLLATION_CONNECTION */;
/*!40101 SET NAMES utf8mb4 */;

--
-- Database: `2101020013_arya_p10`
--

-- --------------------------------------------------------

--
-- Struktur dari tabel `detail_pesanan`
--

CREATE TABLE `detail_pesanan` (
  `id_detail_pesanan` int(11) NOT NULL,
  `jumlah` int(11) NOT NULL,
  `id_produk` int(11) NOT NULL,
  `id_pesanan` int(11) NOT NULL
) ENGINE=InnoDB DEFAULT CHARSET=utf8mb4;

--
-- Dumping data untuk tabel `detail_pesanan`
--

INSERT INTO `detail_pesanan` (`id_detail_pesanan`, `jumlah`, `id_produk`, `id_pesanan`) VALUES
(1, 2, 1, 1),
(2, 5, 2, 1),
(3, 1, 3, 2),
(4, 3, 1, 3),
(5, 4, 5, 4),
(6, 1, 6, 5),
(7, 2, 7, 6),
(8, 1, 8, 7),
(9, 3, 9, 8),
(10, 1, 10, 9);

-- --------------------------------------------------------

--
-- Struktur dari tabel `kategori`
--

CREATE TABLE `kategori` (
  `id_kategori` int(11) NOT NULL,
  `nama_kategori` varchar(255) NOT NULL
) ENGINE=InnoDB DEFAULT CHARSET=utf8mb4;

--
-- Dumping data untuk tabel `kategori`
--

INSERT INTO `kategori` (`id_kategori`, `nama_kategori`) VALUES
(1, 'Elektronik'),
(2, 'Pakaian'),
(3, 'Alat Rumah Tangga'),
(4, 'Olahraga'),
(5, 'Kesehatan'),
(6, 'Mainan'),
(7, 'Buku'),
(8, 'Makanan'),
(9, 'Minuman'),
(10, 'Kecantikan');

-- --------------------------------------------------------

--
-- Struktur dari tabel `pesanan`
--

CREATE TABLE `pesanan` (
  `id_pesanan` int(11) NOT NULL,
  `tanggal_pesanan` date NOT NULL
) ENGINE=InnoDB DEFAULT CHARSET=utf8mb4;

--
-- Dumping data untuk tabel `pesanan`
--

INSERT INTO `pesanan` (`id_pesanan`, `tanggal_pesanan`) VALUES
(1, '2023-01-01'),
(2, '2023-01-02'),
(3, '2023-01-03'),
(4, '2023-01-04'),
(5, '2023-01-05'),
(6, '2023-01-06'),
(7, '2023-01-07'),
(8, '2023-01-08'),
(9, '2023-01-09'),
(10, '2023-01-10');

-- --------------------------------------------------------

--
-- Struktur dari tabel `produk`
--

CREATE TABLE `produk` (
  `id_produk` int(11) NOT NULL,
  `nama_produk` varchar(255) NOT NULL,
  `id_kategori` int(11) NOT NULL,
  `harga` int(11) DEFAULT NULL,
  `gambar` varchar(255) DEFAULT NULL
) ENGINE=InnoDB DEFAULT CHARSET=utf8mb4;

--
-- Dumping data untuk tabel `produk`
--

INSERT INTO `produk` (`id_produk`, `nama_produk`, `id_kategori`, `harga`, `gambar`) VALUES
(1, 'Laptop', 1, 15000000, 'laptop.png'),
(2, 'T-shirt', 2, 300000, 't-shirt.png'),
(3, 'Blender', 3, 1000000, 'blender.png'),
(4, 'Sepatu Lari', 4, 500000, 'sepatulari.png'),
(5, 'Vitamin C', 5, 40000, 'vitaminc.png'),
(6, 'Action Figure', 6, 700000, 'actionfigure.png'),
(7, 'Novel', 7, 250000, 'novel.png'),
(8, 'Snack', 8, 10000, 'snack.png'),
(9, 'Mineral Water', 9, 4000, 'mineralwat.png'),
(10, 'Lipstick', 10, 100000, 'lipstick.png');

--
-- Indexes for dumped tables
--

--
-- Indeks untuk tabel `detail_pesanan`
--
ALTER TABLE `detail_pesanan`
  ADD PRIMARY KEY (`id_detail_pesanan`),
  ADD KEY `id_produk` (`id_produk`),
  ADD KEY `id_pesanan` (`id_pesanan`);

--
-- Indeks untuk tabel `kategori`
--
ALTER TABLE `kategori`
  ADD PRIMARY KEY (`id_kategori`);

--
-- Indeks untuk tabel `pesanan`
--
ALTER TABLE `pesanan`
  ADD PRIMARY KEY (`id_pesanan`);

--
-- Indeks untuk tabel `produk`
--
ALTER TABLE `produk`
  ADD PRIMARY KEY (`id_produk`),
  ADD KEY `id_kategori` (`id_kategori`);

--
-- Ketidakleluasaan untuk tabel pelimpahan (Dumped Tables)
--

--
-- Ketidakleluasaan untuk tabel `detail_pesanan`
--
ALTER TABLE `detail_pesanan`
  ADD CONSTRAINT `detail_pesanan_ibfk_1` FOREIGN KEY (`id_produk`) REFERENCES `produk` (`id_produk`) ON UPDATE CASCADE,
  ADD CONSTRAINT `detail_pesanan_ibfk_2` FOREIGN KEY (`id_pesanan`) REFERENCES `pesanan` (`id_pesanan`) ON UPDATE CASCADE;

--
-- Ketidakleluasaan untuk tabel `produk`
--
ALTER TABLE `produk`
  ADD CONSTRAINT `produk_ibfk_1` FOREIGN KEY (`id_kategori`) REFERENCES `kategori` (`id_kategori`) ON DELETE CASCADE ON UPDATE CASCADE;
COMMIT;

/*!40101 SET CHARACTER_SET_CLIENT=@OLD_CHARACTER_SET_CLIENT */;
/*!40101 SET CHARACTER_SET_RESULTS=@OLD_CHARACTER_SET_RESULTS */;
/*!40101 SET COLLATION_CONNECTION=@OLD_COLLATION_CONNECTION */;
